<annotation>
	<folder>VOC2012</folder>
	<filename>image (451).xml</filename>
	<source>
		<database>The VOC2008 Database</database>
		<annotation>PASCAL VOC2008</annotation>
		<image>flickr</image>
	</source>
	<size>
		<width>400</width>
		<height>267</height>
		<depth>3</depth>
	</size>
	<segmented>0</segmented>
	<object>
		<name>person</name>
		<pose>Left</pose>
		<truncated>1</truncated>
		<occluded>0</occluded>
		<bndbox>
			<xmin>230</xmin>
			<ymin>96</ymin>
			<xmax>377</xmax>
			<ymax>267</ymax>
		</bndbox>
		<difficult>0</difficult>
	</object>
	<object>
		<name>person</name>
		<pose>Right</pose>
		<truncated>1</truncated>
		<occluded>0</occluded>
		<bndbox>
			<xmin>35</xmin>
			<ymin>102</ymin>
			<xmax>169</xmax>
			<ymax>267</ymax>
		</bndbox>
		<difficult>0</difficult>
	</object>
	<object>
		<name>person</name>
		<pose>Frontal</pose>
		<truncated>1</truncated>
		<occluded>0</occluded>
		<bndbox>
			<xmin>147</xmin>
			<ymin>67</ymin>
			<xmax>260</xmax>
			<ymax>183</ymax>
		</bndbox>
		<difficult>0</difficult>
	</object>
</annotation>