<annotation>
	<folder>person-like</folder>
	<filename>image (889).xml</filename>
	<source>
		<database>Unknown</database>
	</source>
	<size>
		<width>690</width>
		<height>920</height>
		<depth>3</depth>
	</size>
	<segmented>0</segmented>
	<object>
		<name>person-like</name>
		<pose>Unspecified</pose>
		<truncated>0</truncated>
		<difficult>0</difficult>
		<bndbox>
			<xmin>80</xmin>
			<ymin>52</ymin>
			<xmax>591</xmax>
			<ymax>840</ymax>
		</bndbox>
	</object>
</annotation>