<annotation>
	<folder>VOC2012</folder>
	<filename>image (260).xml</filename>
	<source>
		<database>The VOC2008 Database</database>
		<annotation>PASCAL VOC2008</annotation>
		<image>flickr</image>
	</source>
	<size>
		<width>390</width>
		<height>335</height>
		<depth>3</depth>
	</size>
	<segmented>0</segmented>
	<object>
		<name>person</name>
		<pose>Frontal</pose>
		<truncated>1</truncated>
		<occluded>1</occluded>
		<bndbox>
			<xmin>63</xmin>
			<ymin>1</ymin>
			<xmax>390</xmax>
			<ymax>335</ymax>
		</bndbox>
		<difficult>0</difficult>
	</object>
</annotation>