<annotation>
	<folder>VOC2012</folder>
	<filename>image (79).xml</filename>
	<source>
		<database>The VOC2008 Database</database>
		<annotation>PASCAL VOC2008</annotation>
		<image>flickr</image>
	</source>
	<size>
		<width>320</width>
		<height>213</height>
		<depth>3</depth>
	</size>
	<segmented>0</segmented>
	<object>
		<name>person</name>
		<pose>Left</pose>
		<truncated>1</truncated>
		<occluded>1</occluded>
		<bndbox>
			<xmin>19</xmin>
			<ymin>1</ymin>
			<xmax>252</xmax>
			<ymax>213</ymax>
		</bndbox>
		<difficult>0</difficult>
	</object>
</annotation>