<annotation>
	<folder>person-like</folder>
	<filename>image (763).xml</filename>
	<source>
		<database>Unknown</database>
	</source>
	<size>
		<width>600</width>
		<height>400</height>
		<depth>3</depth>
	</size>
	<segmented>0</segmented>
	<object>
		<name>person-like</name>
		<pose>Unspecified</pose>
		<truncated>0</truncated>
		<difficult>0</difficult>
		<bndbox>
			<xmin>44</xmin>
			<ymin>112</ymin>
			<xmax>91</xmax>
			<ymax>309</ymax>
		</bndbox>
	</object>
</annotation>