<annotation>
	<folder>person-like</folder>
	<filename>image (804).xml</filename>
	<source>
		<database>Unknown</database>
	</source>
	<size>
		<width>443</width>
		<height>595</height>
		<depth>3</depth>
	</size>
	<segmented>0</segmented>
	<object>
		<name>person-like</name>
		<pose>Unspecified</pose>
		<truncated>1</truncated>
		<difficult>0</difficult>
		<bndbox>
			<xmin>1</xmin>
			<ymin>29</ymin>
			<xmax>395</xmax>
			<ymax>584</ymax>
		</bndbox>
	</object>
</annotation>