<annotation>
	<folder>person-like</folder>
	<filename>image (829).xml</filename>
	<source>
		<database>Unknown</database>
	</source>
	<size>
		<width>1140</width>
		<height>714</height>
		<depth>3</depth>
	</size>
	<segmented>0</segmented>
	<object>
		<name>person-like</name>
		<pose>Unspecified</pose>
		<truncated>0</truncated>
		<difficult>0</difficult>
		<bndbox>
			<xmin>553</xmin>
			<ymin>4</ymin>
			<xmax>836</xmax>
			<ymax>713</ymax>
		</bndbox>
	</object>
</annotation>