<annotation>
	<folder>person-like</folder>
	<filename>image (655).xml</filename>
	<source>
		<database>Unknown</database>
	</source>
	<size>
		<width>2925</width>
		<height>1950</height>
		<depth>3</depth>
	</size>
	<segmented>0</segmented>
	<object>
		<name>person-like</name>
		<pose>Unspecified</pose>
		<truncated>0</truncated>
		<difficult>0</difficult>
		<bndbox>
			<xmin>54</xmin>
			<ymin>165</ymin>
			<xmax>501</xmax>
			<ymax>1404</ymax>
		</bndbox>
	</object>
	<object>
		<name>person-like</name>
		<pose>Unspecified</pose>
		<truncated>0</truncated>
		<difficult>0</difficult>
		<bndbox>
			<xmin>847</xmin>
			<ymin>248</ymin>
			<xmax>1198</xmax>
			<ymax>1293</ymax>
		</bndbox>
	</object>
	<object>
		<name>person-like</name>
		<pose>Unspecified</pose>
		<truncated>0</truncated>
		<difficult>0</difficult>
		<bndbox>
			<xmin>1501</xmin>
			<ymin>221</ymin>
			<xmax>1843</xmax>
			<ymax>1229</ymax>
		</bndbox>
	</object>
	<object>
		<name>person-like</name>
		<pose>Unspecified</pose>
		<truncated>0</truncated>
		<difficult>0</difficult>
		<bndbox>
			<xmin>1996</xmin>
			<ymin>204</ymin>
			<xmax>2288</xmax>
			<ymax>1121</ymax>
		</bndbox>
	</object>
	<object>
		<name>person-like</name>
		<pose>Unspecified</pose>
		<truncated>0</truncated>
		<difficult>0</difficult>
		<bndbox>
			<xmin>2473</xmin>
			<ymin>244</ymin>
			<xmax>2843</xmax>
			<ymax>1102</ymax>
		</bndbox>
	</object>
</annotation>