<annotation>
	<folder>VOC2012</folder>
	<filename>image (365).xml</filename>
	<source>
		<database>The VOC2008 Database</database>
		<annotation>PASCAL VOC2008</annotation>
		<image>flickr</image>
	</source>
	<size>
		<width>375</width>
		<height>500</height>
		<depth>3</depth>
	</size>
	<segmented>1</segmented>
	<object>
		<name>person</name>
		<pose>Frontal</pose>
		<truncated>1</truncated>
		<occluded>1</occluded>
		<bndbox>
			<xmin>112</xmin>
			<ymin>105</ymin>
			<xmax>271</xmax>
			<ymax>361</ymax>
		</bndbox>
		<difficult>0</difficult>
	</object>
</annotation>