<annotation>
	<folder>person-like</folder>
	<filename>image (671).xml</filename>
	<source>
		<database>Unknown</database>
	</source>
	<size>
		<width>346</width>
		<height>520</height>
		<depth>3</depth>
	</size>
	<segmented>0</segmented>
	<object>
		<name>person-like</name>
		<pose>Unspecified</pose>
		<truncated>0</truncated>
		<difficult>0</difficult>
		<bndbox>
			<xmin>113</xmin>
			<ymin>33</ymin>
			<xmax>233</xmax>
			<ymax>362</ymax>
		</bndbox>
	</object>
</annotation>