<annotation>
	<folder>VOC2012</folder>
	<filename>image (281).xml</filename>
	<source>
		<database>The VOC2008 Database</database>
		<annotation>PASCAL VOC2008</annotation>
		<image>flickr</image>
	</source>
	<size>
		<width>500</width>
		<height>338</height>
		<depth>3</depth>
	</size>
	<segmented>0</segmented>
	<object>
		<name>person</name>
		<pose>Frontal</pose>
		<truncated>0</truncated>
		<occluded>0</occluded>
		<bndbox>
			<xmin>160</xmin>
			<ymin>163</ymin>
			<xmax>277</xmax>
			<ymax>338</ymax>
		</bndbox>
		<difficult>0</difficult>
		<part>
			<name>head</name>
			<bndbox>
				<xmin>220</xmin>
				<ymin>163</ymin>
				<xmax>247</xmax>
				<ymax>199</ymax>
			</bndbox>
		</part>
		<part>
			<name>hand</name>
			<bndbox>
				<xmin>157</xmin>
				<ymin>275</ymin>
				<xmax>183</xmax>
				<ymax>299</ymax>
			</bndbox>
		</part>
		<part>
			<name>hand</name>
			<bndbox>
				<xmin>207</xmin>
				<ymin>239</ymin>
				<xmax>229</xmax>
				<ymax>266</ymax>
			</bndbox>
		</part>
		<part>
			<name>foot</name>
			<bndbox>
				<xmin>234</xmin>
				<ymin>279</ymin>
				<xmax>249</xmax>
				<ymax>305</ymax>
			</bndbox>
		</part>
		<part>
			<name>foot</name>
			<bndbox>
				<xmin>248</xmin>
				<ymin>311</ymin>
				<xmax>270</xmax>
				<ymax>338</ymax>
			</bndbox>
		</part>
	</object>
</annotation>