<annotation>
	<folder>VOC2012</folder>
	<filename>image (188).xml</filename>
	<source>
		<database>The VOC2008 Database</database>
		<annotation>PASCAL VOC2008</annotation>
		<image>flickr</image>
	</source>
	<size>
		<width>375</width>
		<height>500</height>
		<depth>3</depth>
	</size>
	<segmented>0</segmented>
	<object>
		<name>person</name>
		<pose>Frontal</pose>
		<truncated>1</truncated>
		<occluded>0</occluded>
		<bndbox>
			<xmin>77</xmin>
			<ymin>115</ymin>
			<xmax>375</xmax>
			<ymax>500</ymax>
		</bndbox>
		<difficult>0</difficult>
		<part>
			<name>head</name>
			<bndbox>
				<xmin>108</xmin>
				<ymin>119</ymin>
				<xmax>202</xmax>
				<ymax>236</ymax>
			</bndbox>
		</part>
		<part>
			<name>hand</name>
			<bndbox>
				<xmin>316</xmin>
				<ymin>406</ymin>
				<xmax>375</xmax>
				<ymax>453</ymax>
			</bndbox>
		</part>
		<part>
			<name>hand</name>
			<bndbox>
				<xmin>224</xmin>
				<ymin>479</ymin>
				<xmax>285</xmax>
				<ymax>500</ymax>
			</bndbox>
		</part>
	</object>
</annotation>