<annotation>
	<folder>person-like</folder>
	<filename>image (582).xml</filename>
	<source>
		<database>Unknown</database>
	</source>
	<size>
		<width>640</width>
		<height>960</height>
		<depth>3</depth>
	</size>
	<segmented>0</segmented>
	<object>
		<name>person-like</name>
		<pose>Unspecified</pose>
		<truncated>0</truncated>
		<difficult>0</difficult>
		<bndbox>
			<xmin>152</xmin>
			<ymin>443</ymin>
			<xmax>233</xmax>
			<ymax>708</ymax>
		</bndbox>
	</object>
	<object>
		<name>person-like</name>
		<pose>Unspecified</pose>
		<truncated>0</truncated>
		<difficult>0</difficult>
		<bndbox>
			<xmin>225</xmin>
			<ymin>292</ymin>
			<xmax>431</xmax>
			<ymax>888</ymax>
		</bndbox>
	</object>
</annotation>