<annotation>
	<folder>person-like</folder>
	<filename>image (686).xml</filename>
	<source>
		<database>Unknown</database>
	</source>
	<size>
		<width>960</width>
		<height>638</height>
		<depth>3</depth>
	</size>
	<segmented>0</segmented>
	<object>
		<name>person-like</name>
		<pose>Unspecified</pose>
		<truncated>0</truncated>
		<difficult>0</difficult>
		<bndbox>
			<xmin>382</xmin>
			<ymin>57</ymin>
			<xmax>524</xmax>
			<ymax>368</ymax>
		</bndbox>
	</object>
</annotation>