<annotation>
	<folder>VOC2012</folder>
	<filename>image (252).xml</filename>
	<source>
		<database>The VOC2008 Database</database>
		<annotation>PASCAL VOC2008</annotation>
		<image>flickr</image>
	</source>
	<size>
		<width>333</width>
		<height>500</height>
		<depth>3</depth>
	</size>
	<segmented>0</segmented>
	<object>
		<name>person</name>
		<pose>Left</pose>
		<truncated>1</truncated>
		<occluded>1</occluded>
		<bndbox>
			<xmin>1</xmin>
			<ymin>149</ymin>
			<xmax>313</xmax>
			<ymax>500</ymax>
		</bndbox>
		<difficult>0</difficult>
	</object>
	<object>
		<name>person</name>
		<pose>Right</pose>
		<truncated>1</truncated>
		<occluded>1</occluded>
		<bndbox>
			<xmin>95</xmin>
			<ymin>234</ymin>
			<xmax>215</xmax>
			<ymax>450</ymax>
		</bndbox>
		<difficult>0</difficult>
	</object>
</annotation>