<annotation>
	<folder>VOC2012</folder>
	<filename>image (483).xml</filename>
	<source>
		<database>The VOC2008 Database</database>
		<annotation>PASCAL VOC2008</annotation>
		<image>flickr</image>
	</source>
	<size>
		<width>500</width>
		<height>333</height>
		<depth>3</depth>
	</size>
	<segmented>1</segmented>
	<object>
		<name>person</name>
		<pose>Unspecified</pose>
		<truncated>0</truncated>
		<occluded>1</occluded>
		<bndbox>
			<xmin>135</xmin>
			<ymin>91</ymin>
			<xmax>300</xmax>
			<ymax>303</ymax>
		</bndbox>
		<difficult>0</difficult>
	</object>
</annotation>