<annotation>
	<folder>VOC2012</folder>
	<filename>image (455).xml</filename>
	<source>
		<database>The VOC2008 Database</database>
		<annotation>PASCAL VOC2008</annotation>
		<image>flickr</image>
	</source>
	<size>
		<width>500</width>
		<height>344</height>
		<depth>3</depth>
	</size>
	<segmented>0</segmented>
	<object>
		<name>person</name>
		<pose>Right</pose>
		<truncated>1</truncated>
		<occluded>0</occluded>
		<bndbox>
			<xmin>52</xmin>
			<ymin>45</ymin>
			<xmax>182</xmax>
			<ymax>344</ymax>
		</bndbox>
		<difficult>0</difficult>
	</object>
	<object>
		<name>person</name>
		<pose>Right</pose>
		<truncated>1</truncated>
		<occluded>0</occluded>
		<bndbox>
			<xmin>176</xmin>
			<ymin>1</ymin>
			<xmax>366</xmax>
			<ymax>344</ymax>
		</bndbox>
		<difficult>0</difficult>
	</object>
	<object>
		<name>person</name>
		<pose>Frontal</pose>
		<truncated>1</truncated>
		<occluded>0</occluded>
		<bndbox>
			<xmin>423</xmin>
			<ymin>90</ymin>
			<xmax>500</xmax>
			<ymax>236</ymax>
		</bndbox>
		<difficult>0</difficult>
	</object>
</annotation>