<annotation>
	<folder>person-like</folder>
	<filename>image (624).xml</filename>
	<source>
		<database>Unknown</database>
	</source>
	<size>
		<width>1200</width>
		<height>600</height>
		<depth>3</depth>
	</size>
	<segmented>0</segmented>
	<object>
		<name>person-like</name>
		<pose>Unspecified</pose>
		<truncated>1</truncated>
		<difficult>0</difficult>
		<bndbox>
			<xmin>101</xmin>
			<ymin>5</ymin>
			<xmax>339</xmax>
			<ymax>600</ymax>
		</bndbox>
	</object>
	<object>
		<name>person-like</name>
		<pose>Unspecified</pose>
		<truncated>1</truncated>
		<difficult>0</difficult>
		<bndbox>
			<xmin>373</xmin>
			<ymin>10</ymin>
			<xmax>586</xmax>
			<ymax>600</ymax>
		</bndbox>
	</object>
	<object>
		<name>person-like</name>
		<pose>Unspecified</pose>
		<truncated>1</truncated>
		<difficult>0</difficult>
		<bndbox>
			<xmin>613</xmin>
			<ymin>3</ymin>
			<xmax>789</xmax>
			<ymax>600</ymax>
		</bndbox>
	</object>
	<object>
		<name>person-like</name>
		<pose>Unspecified</pose>
		<truncated>0</truncated>
		<difficult>0</difficult>
		<bndbox>
			<xmin>804</xmin>
			<ymin>8</ymin>
			<xmax>961</xmax>
			<ymax>599</ymax>
		</bndbox>
	</object>
	<object>
		<name>person-like</name>
		<pose>Unspecified</pose>
		<truncated>0</truncated>
		<difficult>0</difficult>
		<bndbox>
			<xmin>964</xmin>
			<ymin>21</ymin>
			<xmax>1106</xmax>
			<ymax>570</ymax>
		</bndbox>
	</object>
</annotation>