<annotation>
	<folder>person-like</folder>
	<filename>image (917).xml</filename>
	<source>
		<database>Unknown</database>
	</source>
	<size>
		<width>2400</width>
		<height>1799</height>
		<depth>3</depth>
	</size>
	<segmented>0</segmented>
	<object>
		<name>person-like</name>
		<pose>Unspecified</pose>
		<truncated>0</truncated>
		<difficult>0</difficult>
		<bndbox>
			<xmin>796</xmin>
			<ymin>40</ymin>
			<xmax>1574</xmax>
			<ymax>1766</ymax>
		</bndbox>
	</object>
</annotation>