<annotation>
	<folder>VOC2012</folder>
	<filename>image (213).xml</filename>
	<source>
		<database>The VOC2008 Database</database>
		<annotation>PASCAL VOC2008</annotation>
		<image>flickr</image>
	</source>
	<size>
		<width>500</width>
		<height>333</height>
		<depth>3</depth>
	</size>
	<segmented>0</segmented>
	<object>
		<name>person</name>
		<pose>Frontal</pose>
		<truncated>1</truncated>
		<occluded>0</occluded>
		<bndbox>
			<xmin>19</xmin>
			<ymin>9</ymin>
			<xmax>288</xmax>
			<ymax>333</ymax>
		</bndbox>
		<difficult>0</difficult>
	</object>
	<object>
		<name>person</name>
		<pose>Frontal</pose>
		<truncated>1</truncated>
		<occluded>1</occluded>
		<bndbox>
			<xmin>245</xmin>
			<ymin>19</ymin>
			<xmax>467</xmax>
			<ymax>333</ymax>
		</bndbox>
		<difficult>0</difficult>
	</object>
</annotation>