<annotation>
	<folder>VOC2012</folder>
	<filename>image (45).xml</filename>
	<source>
		<database>The VOC2008 Database</database>
		<annotation>PASCAL VOC2008</annotation>
		<image>flickr</image>
	</source>
	<size>
		<width>447</width>
		<height>335</height>
		<depth>3</depth>
	</size>
	<segmented>0</segmented>
	<object>
		<name>person</name>
		<pose>Frontal</pose>
		<truncated>1</truncated>
		<occluded>0</occluded>
		<bndbox>
			<xmin>78</xmin>
			<ymin>36</ymin>
			<xmax>218</xmax>
			<ymax>240</ymax>
		</bndbox>
		<difficult>0</difficult>
	</object>
	<object>
		<name>person</name>
		<pose>Frontal</pose>
		<truncated>1</truncated>
		<occluded>0</occluded>
		<bndbox>
			<xmin>200</xmin>
			<ymin>12</ymin>
			<xmax>389</xmax>
			<ymax>243</ymax>
		</bndbox>
		<difficult>0</difficult>
	</object>
	<object>
		<name>person</name>
		<pose>Frontal</pose>
		<truncated>1</truncated>
		<occluded>0</occluded>
		<bndbox>
			<xmin>164</xmin>
			<ymin>174</ymin>
			<xmax>255</xmax>
			<ymax>246</ymax>
		</bndbox>
		<difficult>0</difficult>
	</object>
</annotation>