<annotation>
	<folder>person-like</folder>
	<filename>image (713).xml</filename>
	<source>
		<database>Unknown</database>
	</source>
	<size>
		<width>194</width>
		<height>259</height>
		<depth>3</depth>
	</size>
	<segmented>0</segmented>
	<object>
		<name>person-like</name>
		<pose>Unspecified</pose>
		<truncated>0</truncated>
		<difficult>0</difficult>
		<bndbox>
			<xmin>12</xmin>
			<ymin>22</ymin>
			<xmax>89</xmax>
			<ymax>163</ymax>
		</bndbox>
	</object>
	<object>
		<name>person-like</name>
		<pose>Unspecified</pose>
		<truncated>0</truncated>
		<difficult>0</difficult>
		<bndbox>
			<xmin>71</xmin>
			<ymin>72</ymin>
			<xmax>116</xmax>
			<ymax>149</ymax>
		</bndbox>
	</object>
	<object>
		<name>person-like</name>
		<pose>Unspecified</pose>
		<truncated>0</truncated>
		<difficult>0</difficult>
		<bndbox>
			<xmin>121</xmin>
			<ymin>27</ymin>
			<xmax>179</xmax>
			<ymax>146</ymax>
		</bndbox>
	</object>
</annotation>