<annotation>
	<folder>VOC2012</folder>
	<filename>image (324).xml</filename>
	<source>
		<database>The VOC2008 Database</database>
		<annotation>PASCAL VOC2008</annotation>
		<image>flickr</image>
	</source>
	<size>
		<width>480</width>
		<height>360</height>
		<depth>3</depth>
	</size>
	<segmented>0</segmented>
	<object>
		<name>person</name>
		<pose>Right</pose>
		<truncated>1</truncated>
		<occluded>0</occluded>
		<bndbox>
			<xmin>39</xmin>
			<ymin>161</ymin>
			<xmax>143</xmax>
			<ymax>360</ymax>
		</bndbox>
		<difficult>0</difficult>
	</object>
	<object>
		<name>person</name>
		<pose>Frontal</pose>
		<truncated>1</truncated>
		<occluded>0</occluded>
		<bndbox>
			<xmin>139</xmin>
			<ymin>190</ymin>
			<xmax>229</xmax>
			<ymax>360</ymax>
		</bndbox>
		<difficult>0</difficult>
	</object>
	<object>
		<name>person</name>
		<pose>Frontal</pose>
		<truncated>1</truncated>
		<occluded>0</occluded>
		<bndbox>
			<xmin>227</xmin>
			<ymin>163</ymin>
			<xmax>327</xmax>
			<ymax>360</ymax>
		</bndbox>
		<difficult>0</difficult>
	</object>
</annotation>