<annotation>
	<folder>VOC2012</folder>
	<filename>image (330).xml</filename>
	<source>
		<database>The VOC2008 Database</database>
		<annotation>PASCAL VOC2008</annotation>
		<image>flickr</image>
	</source>
	<size>
		<width>500</width>
		<height>375</height>
		<depth>3</depth>
	</size>
	<segmented>0</segmented>
	<object>
		<name>person</name>
		<pose>Unspecified</pose>
		<truncated>1</truncated>
		<occluded>0</occluded>
		<bndbox>
			<xmin>347</xmin>
			<ymin>143</ymin>
			<xmax>482</xmax>
			<ymax>351</ymax>
		</bndbox>
		<difficult>0</difficult>
	</object>
	<object>
		<name>person</name>
		<pose>Frontal</pose>
		<truncated>1</truncated>
		<occluded>0</occluded>
		<bndbox>
			<xmin>231</xmin>
			<ymin>136</ymin>
			<xmax>345</xmax>
			<ymax>297</ymax>
		</bndbox>
		<difficult>0</difficult>
	</object>
	<object>
		<name>person</name>
		<pose>Unspecified</pose>
		<truncated>1</truncated>
		<occluded>0</occluded>
		<bndbox>
			<xmin>11</xmin>
			<ymin>166</ymin>
			<xmax>188</xmax>
			<ymax>374</ymax>
		</bndbox>
		<difficult>0</difficult>
	</object>
</annotation>