<annotation>
	<folder>person-like</folder>
	<filename>image (593).xml</filename>
	<source>
		<database>Unknown</database>
	</source>
	<size>
		<width>1438</width>
		<height>1438</height>
		<depth>3</depth>
	</size>
	<segmented>0</segmented>
	<object>
		<name>person-like</name>
		<pose>Unspecified</pose>
		<truncated>0</truncated>
		<difficult>0</difficult>
		<bndbox>
			<xmin>68</xmin>
			<ymin>117</ymin>
			<xmax>509</xmax>
			<ymax>1405</ymax>
		</bndbox>
	</object>
	<object>
		<name>person-like</name>
		<pose>Unspecified</pose>
		<truncated>0</truncated>
		<difficult>0</difficult>
		<bndbox>
			<xmin>409</xmin>
			<ymin>163</ymin>
			<xmax>724</xmax>
			<ymax>1358</ymax>
		</bndbox>
	</object>
	<object>
		<name>person-like</name>
		<pose>Unspecified</pose>
		<truncated>1</truncated>
		<difficult>0</difficult>
		<bndbox>
			<xmin>795</xmin>
			<ymin>22</ymin>
			<xmax>1286</xmax>
			<ymax>1438</ymax>
		</bndbox>
	</object>
</annotation>