<annotation>
	<folder>VOC2012</folder>
	<filename>image (315).xml</filename>
	<source>
		<database>The VOC2008 Database</database>
		<annotation>PASCAL VOC2008</annotation>
		<image>flickr</image>
	</source>
	<size>
		<width>500</width>
		<height>345</height>
		<depth>3</depth>
	</size>
	<segmented>0</segmented>
	<object>
		<name>person</name>
		<pose>Frontal</pose>
		<truncated>1</truncated>
		<occluded>0</occluded>
		<bndbox>
			<xmin>247</xmin>
			<ymin>222</ymin>
			<xmax>285</xmax>
			<ymax>331</ymax>
		</bndbox>
		<difficult>0</difficult>
		<part>
			<name>head</name>
			<bndbox>
				<xmin>261</xmin>
				<ymin>225</ymin>
				<xmax>274</xmax>
				<ymax>243</ymax>
			</bndbox>
		</part>
		<part>
			<name>hand</name>
			<bndbox>
				<xmin>256</xmin>
				<ymin>256</ymin>
				<xmax>268</xmax>
				<ymax>264</ymax>
			</bndbox>
		</part>
		<part>
			<name>hand</name>
			<bndbox>
				<xmin>281</xmin>
				<ymin>280</ymin>
				<xmax>288</xmax>
				<ymax>293</ymax>
			</bndbox>
		</part>
	</object>
</annotation>