<annotation>
	<folder>person-like</folder>
	<filename>image (682).xml</filename>
	<source>
		<database>Unknown</database>
	</source>
	<size>
		<width>768</width>
		<height>510</height>
		<depth>3</depth>
	</size>
	<segmented>0</segmented>
	<object>
		<name>person-like</name>
		<pose>Unspecified</pose>
		<truncated>0</truncated>
		<difficult>0</difficult>
		<bndbox>
			<xmin>193</xmin>
			<ymin>135</ymin>
			<xmax>294</xmax>
			<ymax>269</ymax>
		</bndbox>
	</object>
</annotation>