<annotation>
	<folder>person-like</folder>
	<filename>image (777).xml</filename>
	<source>
		<database>Unknown</database>
	</source>
	<size>
		<width>2000</width>
		<height>1333</height>
		<depth>3</depth>
	</size>
	<segmented>0</segmented>
	<object>
		<name>person-like</name>
		<pose>Unspecified</pose>
		<truncated>0</truncated>
		<difficult>0</difficult>
		<bndbox>
			<xmin>276</xmin>
			<ymin>179</ymin>
			<xmax>535</xmax>
			<ymax>779</ymax>
		</bndbox>
	</object>
</annotation>