<annotation>
	<folder>VOC2012</folder>
	<filename>image (489).xml</filename>
	<source>
		<database>The VOC2008 Database</database>
		<annotation>PASCAL VOC2008</annotation>
		<image>flickr</image>
	</source>
	<size>
		<width>375</width>
		<height>500</height>
		<depth>3</depth>
	</size>
	<segmented>0</segmented>
	<object>
		<name>person</name>
		<pose>Unspecified</pose>
		<truncated>1</truncated>
		<occluded>1</occluded>
		<bndbox>
			<xmin>87</xmin>
			<ymin>99</ymin>
			<xmax>375</xmax>
			<ymax>500</ymax>
		</bndbox>
		<difficult>0</difficult>
	</object>
</annotation>