<annotation>
	<folder>person-like</folder>
	<filename>image (692).xml</filename>
	<source>
		<database>Unknown</database>
	</source>
	<size>
		<width>488</width>
		<height>488</height>
		<depth>3</depth>
	</size>
	<segmented>0</segmented>
	<object>
		<name>person-like</name>
		<pose>Unspecified</pose>
		<truncated>0</truncated>
		<difficult>0</difficult>
		<bndbox>
			<xmin>162</xmin>
			<ymin>13</ymin>
			<xmax>357</xmax>
			<ymax>361</ymax>
		</bndbox>
	</object>
</annotation>