<annotation>
	<folder>person-like</folder>
	<filename>image (681).xml</filename>
	<source>
		<database>Unknown</database>
	</source>
	<size>
		<width>612</width>
		<height>483</height>
		<depth>3</depth>
	</size>
	<segmented>0</segmented>
	<object>
		<name>person-like</name>
		<pose>Unspecified</pose>
		<truncated>0</truncated>
		<difficult>0</difficult>
		<bndbox>
			<xmin>136</xmin>
			<ymin>142</ymin>
			<xmax>464</xmax>
			<ymax>380</ymax>
		</bndbox>
	</object>
</annotation>