<annotation>
	<folder>person-like</folder>
	<filename>image (625).xml</filename>
	<source>
		<database>Unknown</database>
	</source>
	<size>
		<width>1300</width>
		<height>977</height>
		<depth>3</depth>
	</size>
	<segmented>0</segmented>
	<object>
		<name>person-like</name>
		<pose>Unspecified</pose>
		<truncated>0</truncated>
		<difficult>0</difficult>
		<bndbox>
			<xmin>286</xmin>
			<ymin>68</ymin>
			<xmax>553</xmax>
			<ymax>888</ymax>
		</bndbox>
	</object>
	<object>
		<name>person-like</name>
		<pose>Unspecified</pose>
		<truncated>0</truncated>
		<difficult>0</difficult>
		<bndbox>
			<xmin>521</xmin>
			<ymin>63</ymin>
			<xmax>894</xmax>
			<ymax>890</ymax>
		</bndbox>
	</object>
	<object>
		<name>person-like</name>
		<pose>Unspecified</pose>
		<truncated>0</truncated>
		<difficult>0</difficult>
		<bndbox>
			<xmin>821</xmin>
			<ymin>87</ymin>
			<xmax>1108</xmax>
			<ymax>885</ymax>
		</bndbox>
	</object>
</annotation>