<annotation>
	<folder>VOC2012</folder>
	<filename>image (514).xml</filename>
	<source>
		<database>The VOC2008 Database</database>
		<annotation>PASCAL VOC2008</annotation>
		<image>flickr</image>
	</source>
	<size>
		<width>360</width>
		<height>208</height>
		<depth>3</depth>
	</size>
	<segmented>1</segmented>
	<object>
		<name>person</name>
		<pose>Frontal</pose>
		<truncated>0</truncated>
		<occluded>0</occluded>
		<bndbox>
			<xmin>197</xmin>
			<ymin>32</ymin>
			<xmax>252</xmax>
			<ymax>172</ymax>
		</bndbox>
		<difficult>0</difficult>
	</object>
</annotation>