<annotation>
	<folder>person-like</folder>
	<filename>image (852).xml</filename>
	<source>
		<database>Unknown</database>
	</source>
	<size>
		<width>600</width>
		<height>359</height>
		<depth>3</depth>
	</size>
	<segmented>0</segmented>
	<object>
		<name>person-like</name>
		<pose>Unspecified</pose>
		<truncated>1</truncated>
		<difficult>0</difficult>
		<bndbox>
			<xmin>39</xmin>
			<ymin>6</ymin>
			<xmax>552</xmax>
			<ymax>359</ymax>
		</bndbox>
	</object>
</annotation>