<annotation>
	<folder>person-like</folder>
	<filename>image (892).xml</filename>
	<source>
		<database>Unknown</database>
	</source>
	<size>
		<width>803</width>
		<height>625</height>
		<depth>3</depth>
	</size>
	<segmented>0</segmented>
	<object>
		<name>person-like</name>
		<pose>Unspecified</pose>
		<truncated>0</truncated>
		<difficult>0</difficult>
		<bndbox>
			<xmin>195</xmin>
			<ymin>115</ymin>
			<xmax>433</xmax>
			<ymax>329</ymax>
		</bndbox>
	</object>
	<object>
		<name>person-like</name>
		<pose>Unspecified</pose>
		<truncated>0</truncated>
		<difficult>0</difficult>
		<bndbox>
			<xmin>476</xmin>
			<ymin>13</ymin>
			<xmax>722</xmax>
			<ymax>422</ymax>
		</bndbox>
	</object>
</annotation>