<annotation>
	<folder>person-like</folder>
	<filename>image (700).xml</filename>
	<source>
		<database>Unknown</database>
	</source>
	<size>
		<width>1200</width>
		<height>675</height>
		<depth>3</depth>
	</size>
	<segmented>0</segmented>
	<object>
		<name>person-like</name>
		<pose>Unspecified</pose>
		<truncated>1</truncated>
		<difficult>0</difficult>
		<bndbox>
			<xmin>2</xmin>
			<ymin>101</ymin>
			<xmax>1200</xmax>
			<ymax>673</ymax>
		</bndbox>
	</object>
</annotation>