<annotation>
	<folder>VOC2012</folder>
	<filename>image (500).xml</filename>
	<source>
		<database>The VOC2008 Database</database>
		<annotation>PASCAL VOC2008</annotation>
		<image>flickr</image>
	</source>
	<size>
		<width>500</width>
		<height>371</height>
		<depth>3</depth>
	</size>
	<segmented>0</segmented>
	<object>
		<name>person</name>
		<pose>Left</pose>
		<truncated>1</truncated>
		<occluded>1</occluded>
		<bndbox>
			<xmin>135</xmin>
			<ymin>71</ymin>
			<xmax>411</xmax>
			<ymax>371</ymax>
		</bndbox>
		<difficult>0</difficult>
	</object>
</annotation>