<annotation>
	<folder>VOC2012</folder>
	<filename>image (209).xml</filename>
	<source>
		<database>The VOC2008 Database</database>
		<annotation>PASCAL VOC2008</annotation>
		<image>flickr</image>
	</source>
	<size>
		<width>469</width>
		<height>500</height>
		<depth>3</depth>
	</size>
	<segmented>0</segmented>
	<object>
		<name>person</name>
		<pose>Right</pose>
		<truncated>1</truncated>
		<occluded>0</occluded>
		<bndbox>
			<xmin>177</xmin>
			<ymin>89</ymin>
			<xmax>289</xmax>
			<ymax>475</ymax>
		</bndbox>
		<difficult>0</difficult>
	</object>
</annotation>