<annotation>
	<folder>person-like</folder>
	<filename>image (688).xml</filename>
	<source>
		<database>Unknown</database>
	</source>
	<size>
		<width>1280</width>
		<height>853</height>
		<depth>3</depth>
	</size>
	<segmented>0</segmented>
	<object>
		<name>person-like</name>
		<pose>Unspecified</pose>
		<truncated>0</truncated>
		<difficult>0</difficult>
		<bndbox>
			<xmin>420</xmin>
			<ymin>93</ymin>
			<xmax>947</xmax>
			<ymax>773</ymax>
		</bndbox>
	</object>
</annotation>