<annotation>
	<folder>VOC2012</folder>
	<filename>image (510).xml</filename>
	<source>
		<database>The VOC2008 Database</database>
		<annotation>PASCAL VOC2008</annotation>
		<image>flickr</image>
	</source>
	<size>
		<width>375</width>
		<height>500</height>
		<depth>3</depth>
	</size>
	<segmented>0</segmented>
	<object>
		<name>person</name>
		<pose>Frontal</pose>
		<truncated>0</truncated>
		<occluded>0</occluded>
		<bndbox>
			<xmin>110</xmin>
			<ymin>130</ymin>
			<xmax>182</xmax>
			<ymax>416</ymax>
		</bndbox>
		<difficult>0</difficult>
	</object>
	<object>
		<name>person</name>
		<pose>Frontal</pose>
		<truncated>0</truncated>
		<occluded>0</occluded>
		<bndbox>
			<xmin>181</xmin>
			<ymin>130</ymin>
			<xmax>269</xmax>
			<ymax>405</ymax>
		</bndbox>
		<difficult>0</difficult>
	</object>
</annotation>