<annotation>
	<folder>person-like</folder>
	<filename>image (640).xml</filename>
	<source>
		<database>Unknown</database>
	</source>
	<size>
		<width>800</width>
		<height>800</height>
		<depth>3</depth>
	</size>
	<segmented>0</segmented>
	<object>
		<name>person-like</name>
		<pose>Unspecified</pose>
		<truncated>0</truncated>
		<difficult>0</difficult>
		<bndbox>
			<xmin>3</xmin>
			<ymin>107</ymin>
			<xmax>277</xmax>
			<ymax>743</ymax>
		</bndbox>
	</object>
	<object>
		<name>person-like</name>
		<pose>Unspecified</pose>
		<truncated>0</truncated>
		<difficult>0</difficult>
		<bndbox>
			<xmin>261</xmin>
			<ymin>106</ymin>
			<xmax>415</xmax>
			<ymax>745</ymax>
		</bndbox>
	</object>
	<object>
		<name>person-like</name>
		<pose>Unspecified</pose>
		<truncated>0</truncated>
		<difficult>0</difficult>
		<bndbox>
			<xmin>402</xmin>
			<ymin>95</ymin>
			<xmax>602</xmax>
			<ymax>745</ymax>
		</bndbox>
	</object>
	<object>
		<name>person-like</name>
		<pose>Unspecified</pose>
		<truncated>0</truncated>
		<difficult>0</difficult>
		<bndbox>
			<xmin>582</xmin>
			<ymin>87</ymin>
			<xmax>798</xmax>
			<ymax>749</ymax>
		</bndbox>
	</object>
</annotation>