<annotation>
	<folder>person-like</folder>
	<filename>image (786).xml</filename>
	<source>
		<database>Unknown</database>
	</source>
	<size>
		<width>360</width>
		<height>360</height>
		<depth>3</depth>
	</size>
	<segmented>0</segmented>
	<object>
		<name>person-like</name>
		<pose>Unspecified</pose>
		<truncated>0</truncated>
		<difficult>0</difficult>
		<bndbox>
			<xmin>201</xmin>
			<ymin>79</ymin>
			<xmax>333</xmax>
			<ymax>294</ymax>
		</bndbox>
	</object>
</annotation>