<annotation>
	<folder>VOC2012</folder>
	<filename>image (164).xml</filename>
	<source>
		<database>The VOC2008 Database</database>
		<annotation>PASCAL VOC2008</annotation>
		<image>flickr</image>
	</source>
	<size>
		<width>500</width>
		<height>333</height>
		<depth>3</depth>
	</size>
	<segmented>1</segmented>
	<object>
		<name>person</name>
		<pose>Unspecified</pose>
		<truncated>1</truncated>
		<occluded>1</occluded>
		<bndbox>
			<xmin>358</xmin>
			<ymin>50</ymin>
			<xmax>500</xmax>
			<ymax>333</ymax>
		</bndbox>
		<difficult>0</difficult>
	</object>
	<object>
		<name>person</name>
		<pose>Unspecified</pose>
		<truncated>1</truncated>
		<occluded>0</occluded>
		<bndbox>
			<xmin>9</xmin>
			<ymin>41</ymin>
			<xmax>257</xmax>
			<ymax>333</ymax>
		</bndbox>
		<difficult>0</difficult>
	</object>
</annotation>