<annotation>
	<folder>person-like</folder>
	<filename>image (800).xml</filename>
	<source>
		<database>Unknown</database>
	</source>
	<size>
		<width>708</width>
		<height>900</height>
		<depth>3</depth>
	</size>
	<segmented>0</segmented>
	<object>
		<name>person-like</name>
		<pose>Unspecified</pose>
		<truncated>1</truncated>
		<difficult>0</difficult>
		<bndbox>
			<xmin>69</xmin>
			<ymin>14</ymin>
			<xmax>660</xmax>
			<ymax>900</ymax>
		</bndbox>
	</object>
</annotation>