<annotation>
	<folder>VOC2012</folder>
	<filename>image (470).xml</filename>
	<source>
		<database>The VOC2008 Database</database>
		<annotation>PASCAL VOC2008</annotation>
		<image>flickr</image>
	</source>
	<size>
		<width>500</width>
		<height>375</height>
		<depth>3</depth>
	</size>
	<segmented>0</segmented>
	<object>
		<name>person</name>
		<pose>Rear</pose>
		<truncated>0</truncated>
		<occluded>0</occluded>
		<bndbox>
			<xmin>173</xmin>
			<ymin>90</ymin>
			<xmax>237</xmax>
			<ymax>325</ymax>
		</bndbox>
		<difficult>0</difficult>
	</object>
	<object>
		<name>person</name>
		<pose>Rear</pose>
		<truncated>0</truncated>
		<occluded>0</occluded>
		<bndbox>
			<xmin>242</xmin>
			<ymin>101</ymin>
			<xmax>342</xmax>
			<ymax>320</ymax>
		</bndbox>
		<difficult>0</difficult>
	</object>
	<object>
		<name>person</name>
		<pose>Rear</pose>
		<truncated>0</truncated>
		<occluded>1</occluded>
		<bndbox>
			<xmin>119</xmin>
			<ymin>80</ymin>
			<xmax>194</xmax>
			<ymax>307</ymax>
		</bndbox>
		<difficult>0</difficult>
	</object>
</annotation>