<annotation>
	<folder>VOC2012</folder>
	<filename>image (264).xml</filename>
	<source>
		<database>The VOC2008 Database</database>
		<annotation>PASCAL VOC2008</annotation>
		<image>flickr</image>
	</source>
	<size>
		<width>500</width>
		<height>375</height>
		<depth>3</depth>
	</size>
	<segmented>0</segmented>
	<object>
		<name>person</name>
		<pose>Frontal</pose>
		<truncated>1</truncated>
		<occluded>0</occluded>
		<bndbox>
			<xmin>80</xmin>
			<ymin>107</ymin>
			<xmax>285</xmax>
			<ymax>375</ymax>
		</bndbox>
		<difficult>0</difficult>
	</object>
	<object>
		<name>person</name>
		<pose>Frontal</pose>
		<truncated>1</truncated>
		<occluded>1</occluded>
		<bndbox>
			<xmin>222</xmin>
			<ymin>131</ymin>
			<xmax>390</xmax>
			<ymax>316</ymax>
		</bndbox>
		<difficult>0</difficult>
	</object>
	<object>
		<name>person</name>
		<pose>Right</pose>
		<truncated>1</truncated>
		<occluded>1</occluded>
		<bndbox>
			<xmin>370</xmin>
			<ymin>118</ymin>
			<xmax>500</xmax>
			<ymax>323</ymax>
		</bndbox>
		<difficult>0</difficult>
	</object>
</annotation>