<annotation>
	<folder>person-like</folder>
	<filename>image (544).xml</filename>
	<source>
		<database>Unknown</database>
	</source>
	<size>
		<width>800</width>
		<height>800</height>
		<depth>3</depth>
	</size>
	<segmented>0</segmented>
	<object>
		<name>person-like</name>
		<pose>Unspecified</pose>
		<truncated>1</truncated>
		<difficult>0</difficult>
		<bndbox>
			<xmin>150</xmin>
			<ymin>115</ymin>
			<xmax>648</xmax>
			<ymax>800</ymax>
		</bndbox>
	</object>
</annotation>