<annotation>
	<folder>VOC2012</folder>
	<filename>image (227).xml</filename>
	<source>
		<database>The VOC2008 Database</database>
		<annotation>PASCAL VOC2008</annotation>
		<image>flickr</image>
	</source>
	<size>
		<width>500</width>
		<height>333</height>
		<depth>3</depth>
	</size>
	<segmented>0</segmented>
	<object>
		<name>person</name>
		<pose>Right</pose>
		<truncated>0</truncated>
		<occluded>1</occluded>
		<bndbox>
			<xmin>213</xmin>
			<ymin>5</ymin>
			<xmax>289</xmax>
			<ymax>217</ymax>
		</bndbox>
		<difficult>0</difficult>
	</object>
	<object>
		<name>person</name>
		<pose>Frontal</pose>
		<truncated>0</truncated>
		<occluded>1</occluded>
		<bndbox>
			<xmin>29</xmin>
			<ymin>103</ymin>
			<xmax>72</xmax>
			<ymax>200</ymax>
		</bndbox>
		<difficult>0</difficult>
	</object>
	<object>
		<name>person</name>
		<pose>Unspecified</pose>
		<truncated>1</truncated>
		<occluded>1</occluded>
		<bndbox>
			<xmin>436</xmin>
			<ymin>176</ymin>
			<xmax>477</xmax>
			<ymax>224</ymax>
		</bndbox>
		<difficult>0</difficult>
	</object>
	<object>
		<name>person</name>
		<pose>Frontal</pose>
		<truncated>0</truncated>
		<occluded>1</occluded>
		<bndbox>
			<xmin>466</xmin>
			<ymin>166</ymin>
			<xmax>493</xmax>
			<ymax>223</ymax>
		</bndbox>
		<difficult>0</difficult>
	</object>
</annotation>