<annotation>
	<folder>VOC2012</folder>
	<filename>image (236).xml</filename>
	<source>
		<database>The VOC2008 Database</database>
		<annotation>PASCAL VOC2008</annotation>
		<image>flickr</image>
	</source>
	<size>
		<width>500</width>
		<height>375</height>
		<depth>3</depth>
	</size>
	<segmented>0</segmented>
	<object>
		<name>person</name>
		<pose>Right</pose>
		<truncated>0</truncated>
		<occluded>0</occluded>
		<bndbox>
			<xmin>165</xmin>
			<ymin>50</ymin>
			<xmax>376</xmax>
			<ymax>360</ymax>
		</bndbox>
		<difficult>0</difficult>
	</object>
</annotation>